id,text,timestamp
1,"Absolutely love this product, exceeded all my expectations!",2024-12-22 10:00:00
2,"Terrible service, complete waste of money",2024-12-22 10:01:00
3,"It's okay, just basic functionality",2024-12-22 10:02:00
4,"The customer support team was incredibly helpful",2024-12-22 10:03:00
5,"Product arrived damaged and support was unhelpful",2024-12-22 10:04:00
6,"Life-changing product, best purchase ever",2024-12-22 10:05:00
7,"Below average performance, not worth the price",2024-12-22 10:06:00
8,"Decent product with room for improvement",2024-12-22 10:07:00
9,"Outstanding quality and amazing delivery speed",2024-12-22 10:08:00
10,"Constantly crashes and freezes, very frustrating",2024-12-22 10:09:00
11,"This exceeded my expectations",2024-12-22 10:10:00
12,"Poor customer service experience",2024-12-22 10:11:00
13,"Average product for the price",2024-12-22 10:12:00
14,"Absolutely fantastic quality",2024-12-22 10:13:00
15,"Disappointed with the durability",2024-12-22 10:14:00
16,"Great value for money",2024-12-22 10:15:00
17,"The worst experience ever",2024-12-22 10:16:00
18,"Decent product but expensive",2024-12-22 10:17:00
19,"Excellent customer support team",2024-12-22 10:18:00
20,"Product arrived damaged",2024-12-22 10:19:00
21,"Very satisfied with my purchase",2024-12-22 10:20:00
22,"Terrible shipping experience",2024-12-22 10:21:00
23,"It's alright, does the job",2024-12-22 10:22:00
24,"Incredibly user-friendly interface",2024-12-22 10:23:00
25,"Waste of money and time",2024-12-22 10:24:00
26,"Perfect for my needs",2024-12-22 10:25:00
27,"Unreliable and frustrating",2024-12-22 10:26:00
28,"Neither good nor bad",2024-12-22 10:27:00
29,"Love the new features",2024-12-22 10:28:00
30,"Complete disappointment",2024-12-22 10:29:00
31,"Amazing customer experience",2024-12-22 10:30:00
32,"Would not recommend to anyone",2024-12-22 10:31:00
33,"Standard quality product",2024-12-22 10:32:00
34,"Impressive performance",2024-12-22 10:33:00
35,"Many issues with functionality",2024-12-22 10:34:00
36,"Highly recommend this product",2024-12-22 10:35:00
37,"Awful experience overall",2024-12-22 10:36:00
38,"Meets basic requirements",2024-12-22 10:37:00
39,"Superb quality and service",2024-12-22 10:38:00
40,"Not worth the price",2024-12-22 10:39:00
41,"Exactly what I needed",2024-12-22 10:40:00
42,"Poor build quality",2024-12-22 10:41:00
43,"Reasonable performance",2024-12-22 10:42:00
44,"Exceptional product design",2024-12-22 10:43:00
45,"Frequent technical issues",2024-12-22 10:44:00
46,"Life-changing product",2024-12-22 10:45:00
47,"Horrible customer service",2024-12-22 10:46:00
48,"Does what it promises",2024-12-22 10:47:00
49,"Brilliant features and support",2024-12-22 10:48:00
50,"Very disappointing purchase",2024-12-22 10:49:00
51,"Revolutionary technology, amazing implementation",2024-12-22 11:00:00
52,"Software bugs make it unusable",2024-12-22 11:01:00
53,"Average performance, meets basic needs",2024-12-22 11:02:00
54,"Incredible user experience, highly recommend",2024-12-22 11:03:00
55,"Worst customer service ever encountered",2024-12-22 11:04:00
56,"Game-changing features and innovations",2024-12-22 11:05:00
57,"Disappointing quality control issues",2024-12-22 11:06:00
58,"Pretty standard product, nothing special",2024-12-22 11:07:00
59,"Exceeded expectations in every way",2024-12-22 11:08:00
60,"Failed to deliver on promises",2024-12-22 11:09:00
61,"Superb build quality and design",2024-12-22 13:00:00
62,"Many technical issues to resolve",2024-12-22 13:01:00
63,"Meets industry standards perfectly",2024-12-22 13:02:00
64,"Outstanding performance metrics",2024-12-22 14:00:00
65,"Serious reliability concerns",2024-12-22 14:01:00
66,"Acceptable but overpriced solution",2024-12-22 14:02:00
67,"Exceptional value for money",2024-12-22 15:00:00
68,"Poor documentation and support",2024-12-22 15:01:00
69,"Standard features work as expected",2024-12-22 15:02:00
70,"Brilliant innovation in the field",2024-12-22 16:00:00
71,"Critical security flaws found",2024-12-22 16:01:00
72,"Moderate improvements noted",2024-12-22 16:02:00
73,"Revolutionary approach to problems",2024-12-22 17:00:00
74,"Completely unreliable system",2024-12-22 17:01:00
75,"Basic functionality works fine",2024-12-22 17:02:00
76,"Extraordinary performance metrics",2024-12-22 18:00:00
77,"Major design flaws present",2024-12-22 18:01:00
78,"Satisfactory overall experience",2024-12-22 18:02:00
79,"Perfect solution for our needs",2024-12-22 18:03:00
80,"Absolutely disappointing product",2024-12-22 18:04:00
